8658217VS,MSKFHKTISRRDFMKGLGLAGAGIGAVAASAPVFHDIDELVSSEANSTKDQPWYVKHREHFDPTITVDWDIFDRYDGYQHKGVYEGPPDAPFTSWGNRLQVRMSGEEQKKRILAAKKERFPGWDGGLHGRGDQRADALFYAVTQPFPGSGEEGHGLFQPYPDQPGKFYARWGLYGPPHDSAPPDGSVPKWEGTPEDNFLMLRAAAKYFGAGGVGALNLADPKCKKLIYKKAQPMTLGKGTYSEIGGPGMIDAKIYPKVPDHAVPINFKEADYSYYNDAEWVIPTKCESIFTFTLPQPQELNKRTGGIAGAGSYTVYKDFARVGTLVQMFIKYLGYHALYWPIGWGPGGCFTTFDGQGEQGRTGAAIHWKFGSSQRGSERVITDLPIAPTPPIDAGMFEFCKTCYICRDVCVSGGVHQEDEPTWDSGNWWNVQGYLGYRTDWSGCHNQCGMCQSSCPFTYLGLENASLVHKIVKGVVANTTVFNSFFTNMEKALGYGDLTMENSNWWKEEGPIYGFDPGT,RDDB00001
8658217VS,MSKFHKTISRRDFMKGLGLAGAGIGAVAASAPVFHDIDELVSSEANSTKDQPWYVKHREHFDPTITVDWDIFDRYDGYQHKGVYEGPPDAPFTSWGNRLQVRMSGEEQKKRILAAKKERFPGWDGGLHGRGDQRADALFYAVTQPFPGSGEEGHGLFQPYPDQPGKFYARWGLYGPPHDSAPPDGSVPKWEGTPEDNFLMLRAAAKYFGAGGVGALNLADPKCKKLIYKKAQPMTLGKGTYSEIGGPGMIDAKIYPKVPDHAVPINFKEADYSYYNDAEWVIPTKCESIFTFTLPQPQELNKRTGGIAGAGSYTVYKDFARVGTLVQMFIKYLGYHALYWPIGWGPGGCFTTFDGQGEQGRTGAAIHWKFGSSQRGSERVITDLPIAPTPPIDAGMFEFCKTCYICRDVCVSGGVHQEDEPTWDSGNWWNVQGYLGYRTDWSGCHNQCGMCQSSCPFTYLGLENASLVHKIVKGVVANTTVFNSFFTNMEKALGYGDLTMENSNWWKEEGPIYGFDPGT,RDDB00002
8658217VS,MSKFHKTISRRDFMKGLGLAGAGIGAVAASAPVFHDIDELVSSEANSTKDQPWYVKHREHFDPTITVDWDIFDRYDGYQHKGVYEGPPDAPFTSWGNRLQVRMSGEEQKKRILAAKKERFPGWDGGLHGRGDQRADALFYAVTQPFPGSGEEGHGLFQPYPDQPGKFYARWGLYGPPHDSAPPDGSVPKWEGTPEDNFLMLRAAAKYFGAGGVGALNLADPKCKKLIYKKAQPMTLGKGTYSEIGGPGMIDAKIYPKVPDHAVPINFKEADYSYYNDAEWVIPTKCESIFTFTLPQPQELNKRTGGIAGAGSYTVYKDFARVGTLVQMFIKYLGYHALYWPIGWGPGGCFTTFDGQGEQGRTGAAIHWKFGSSQRGSERVITDLPIAPTPPIDAGMFEFCKTCYICRDVCVSGGVHQEDEPTWDSGNWWNVQGYLGYRTDWSGCHNQCGMCQSSCPFTYLGLENASLVHKIVKGVVANTTVFNSFFTNMEKALGYGDLTMENSNWWKEEGPIYGFDPGT,RDDB00003
8658217VS,MSKFHKTISRRDFMKGLGLAGAGIGAVAASAPVFHDIDELVSSEANSTKDQPWYVKHREHFDPTITVDWDIFDRYDGYQHKGVYEGPPDAPFTSWGNRLQVRMSGEEQKKRILAAKKERFPGWDGGLHGRGDQRADALFYAVTQPFPGSGEEGHGLFQPYPDQPGKFYARWGLYGPPHDSAPPDGSVPKWEGTPEDNFLMLRAAAKYFGAGGVGALNLADPKCKKLIYKKAQPMTLGKGTYSEIGGPGMIDAKIYPKVPDHAVPINFKEADYSYYNDAEWVIPTKCESIFTFTLPQPQELNKRTGGIAGAGSYTVYKDFARVGTLVQMFIKYLGYHALYWPIGWGPGGCFTTFDGQGEQGRTGAAIHWKFGSSQRGSERVITDLPIAPTPPIDAGMFEFCKTCYICRDVCVSGGVHQEDEPTWDSGNWWNVQGYLGYRTDWSGCHNQCGMCQSSCPFTYLGLENASLVHKIVKGVVANTTVFNSFFTNMEKALGYGDLTMENSNWWKEEGPIYGFDPGT,RDDB00004
8658217VS,MSKFHKTISRRDFMKGLGLAGAGIGAVAASAPVFHDIDELVSSEANSTKDQPWYVKHREHFDPTITVDWDIFDRYDGYQHKGVYEGPPDAPFTSWGNRLQVRMSGEEQKKRILAAKKERFPGWDGGLHGRGDQRADALFYAVTQPFPGSGEEGHGLFQPYPDQPGKFYARWGLYGPPHDSAPPDGSVPKWEGTPEDNFLMLRAAAKYFGAGGVGALNLADPKCKKLIYKKAQPMTLGKGTYSEIGGPGMIDAKIYPKVPDHAVPINFKEADYSYYNDAEWVIPTKCESIFTFTLPQPQELNKRTGGIAGAGSYTVYKDFARVGTLVQMFIKYLGYHALYWPIGWGPGGCFTTFDGQGEQGRTGAAIHWKFGSSQRGSERVITDLPIAPTPPIDAGMFEFCKTCYICRDVCVSGGVHQEDEPTWDSGNWWNVQGYLGYRTDWSGCHNQCGMCQSSCPFTYLGLENASLVHKIVKGVVANTTVFNSFFTNMEKALGYGDLTMENSNWWKEEGPIYGFDPGT,RDDB00005
BAV1_0847,MHNFHCTISRRDFMKGLGLAGAGIGAATSVMPNFHDLDEVISAASAETSSLSGKSLNNFPWYVKERDFENPTIDIDWSILARNDGYNHQGAYWGPVPENGDDKRYPDPADQCLTLPEKRDLYLAWAKQQFPDWEPGINGHGPTRDEALWFASSTGGIGRYRIPGTQQMMSTMRLDGSTGGWGYFNQPPAAVWGGKYPRWEGTPEENTLMMRTVCQFFGYSSIGVMPITSNTKKLFFEKQIPFQFMAGDPGVFGGTGNVQFDVPLPKTPVPIVWEEVDKGYYNDQKIVIPNKANWVLTMTMPLPEDRFKRSLGWSLDASSMIAYPQMAFNGGRVQTFLKALGYQGLGGDVAMWGPGGAFGVMSGLSEQGRAANEISPKYGSATKGSNRLVCDLPMVPTKPIDAGIHKFCETCGICTTVCPSNAIQVGPPQWSNNRWDNTPGYLGYRLNWGRCVLCTNCETYCPFFNMTNGSLIHNVVRSTVAATPVFNSFFRQMEHTFGYGMKDDLNDWWNQSHKPW,RDDB00001
BAV1_0847,MHNFHCTISRRDFMKGLGLAGAGIGAATSVMPNFHDLDEVISAASAETSSLSGKSLNNFPWYVKERDFENPTIDIDWSILARNDGYNHQGAYWGPVPENGDDKRYPDPADQCLTLPEKRDLYLAWAKQQFPDWEPGINGHGPTRDEALWFASSTGGIGRYRIPGTQQMMSTMRLDGSTGGWGYFNQPPAAVWGGKYPRWEGTPEENTLMMRTVCQFFGYSSIGVMPITSNTKKLFFEKQIPFQFMAGDPGVFGGTGNVQFDVPLPKTPVPIVWEEVDKGYYNDQKIVIPNKANWVLTMTMPLPEDRFKRSLGWSLDASSMIAYPQMAFNGGRVQTFLKALGYQGLGGDVAMWGPGGAFGVMSGLSEQGRAANEISPKYGSATKGSNRLVCDLPMVPTKPIDAGIHKFCETCGICTTVCPSNAIQVGPPQWSNNRWDNTPGYLGYRLNWGRCVLCTNCETYCPFFNMTNGSLIHNVVRSTVAATPVFNSFFRQMEHTFGYGMKDDLNDWWNQSHKPW,RDDB00002
BAV1_0847,MHNFHCTISRRDFMKGLGLAGAGIGAATSVMPNFHDLDEVISAASAETSSLSGKSLNNFPWYVKERDFENPTIDIDWSILARNDGYNHQGAYWGPVPENGDDKRYPDPADQCLTLPEKRDLYLAWAKQQFPDWEPGINGHGPTRDEALWFASSTGGIGRYRIPGTQQMMSTMRLDGSTGGWGYFNQPPAAVWGGKYPRWEGTPEENTLMMRTVCQFFGYSSIGVMPITSNTKKLFFEKQIPFQFMAGDPGVFGGTGNVQFDVPLPKTPVPIVWEEVDKGYYNDQKIVIPNKANWVLTMTMPLPEDRFKRSLGWSLDASSMIAYPQMAFNGGRVQTFLKALGYQGLGGDVAMWGPGGAFGVMSGLSEQGRAANEISPKYGSATKGSNRLVCDLPMVPTKPIDAGIHKFCETCGICTTVCPSNAIQVGPPQWSNNRWDNTPGYLGYRLNWGRCVLCTNCETYCPFFNMTNGSLIHNVVRSTVAATPVFNSFFRQMEHTFGYGMKDDLNDWWNQSHKPW,RDDB00005
BAV1_0847,MHNFHCTISRRDFMKGLGLAGAGIGAATSVMPNFHDLDEVISAASAETSSLSGKSLNNFPWYVKERDFENPTIDIDWSILARNDGYNHQGAYWGPVPENGDDKRYPDPADQCLTLPEKRDLYLAWAKQQFPDWEPGINGHGPTRDEALWFASSTGGIGRYRIPGTQQMMSTMRLDGSTGGWGYFNQPPAAVWGGKYPRWEGTPEENTLMMRTVCQFFGYSSIGVMPITSNTKKLFFEKQIPFQFMAGDPGVFGGTGNVQFDVPLPKTPVPIVWEEVDKGYYNDQKIVIPNKANWVLTMTMPLPEDRFKRSLGWSLDASSMIAYPQMAFNGGRVQTFLKALGYQGLGGDVAMWGPGGAFGVMSGLSEQGRAANEISPKYGSATKGSNRLVCDLPMVPTKPIDAGIHKFCETCGICTTVCPSNAIQVGPPQWSNNRWDNTPGYLGYRLNWGRCVLCTNCETYCPFFNMTNGSLIHNVVRSTVAATPVFNSFFRQMEHTFGYGMKDDLNDWWNQSHKPW,RDDB00003
BAV1_0847,MHNFHCTISRRDFMKGLGLAGAGIGAATSVMPNFHDLDEVISAASAETSSLSGKSLNNFPWYVKERDFENPTIDIDWSILARNDGYNHQGAYWGPVPENGDDKRYPDPADQCLTLPEKRDLYLAWAKQQFPDWEPGINGHGPTRDEALWFASSTGGIGRYRIPGTQQMMSTMRLDGSTGGWGYFNQPPAAVWGGKYPRWEGTPEENTLMMRTVCQFFGYSSIGVMPITSNTKKLFFEKQIPFQFMAGDPGVFGGTGNVQFDVPLPKTPVPIVWEEVDKGYYNDQKIVIPNKANWVLTMTMPLPEDRFKRSLGWSLDASSMIAYPQMAFNGGRVQTFLKALGYQGLGGDVAMWGPGGAFGVMSGLSEQGRAANEISPKYGSATKGSNRLVCDLPMVPTKPIDAGIHKFCETCGICTTVCPSNAIQVGPPQWSNNRWDNTPGYLGYRLNWGRCVLCTNCETYCPFFNMTNGSLIHNVVRSTVAATPVFNSFFRQMEHTFGYGMKDDLNDWWNQSHKPW,RDDB00006
cbdbA84,MSNFHSTVSRRDFMKALGLAGVGLGAAGAATPVFHDLDELISSKPEVRESPWWVKEREFEDPTVEIDWSLKTHFDYNLVHSWVSKETAQEWQEKQAELIREAVANNTPGNTLKDMALANMGLHYAGSDLFNYSQLSRPEYSTVILDTFDVSGQIDNKYGLTRTQLGIPKWQGTPEENSAMVAAVLHFLGSTRVGYVSINENNKKVWFSPDKANRIISWGDVEEPVNTPGILWPGNKLGSLVLPNKCNSLISFVIPQSGISKYHHTALSRAATFLGYAESTIISARLQIFLKTLGYDGVGSDASANNVGFGVLAGNGELGRLNYLVNPWHGALIRKADFMLTDLPLAPTRPIDSGITRFCATCKKCAEMCPGSALSLADGPSWDTLSAQNGLGVKNYTNDWHKCRPWAWPPSPNTVGSCGVCQAVCVFSKLEESSVHDIIKPVVSQTPLFNRFFKRMDDMFNYNNPENPEEWWSRDYKNYPYSRAVPGN,RDDB00025
DET0079_tceA,MSEKYHSTVTRRDFMKRLGLAGAGAGALGAAVLAENNLPHEFKDVDDLLSAGKALEGDHANKVNNHPWWVTTRDHEDPTCNIDWSLIKRYSGWNNQGAYFLPEDYLSPTYTGRRHTIVDSKLEIELQGKKYRDSAFIKSGIDWMKENIDPDYDPGELGYGDRREDALIYAATNGSHNCWENPLYGRYEGSRPYLSMRTMNGINGLHEFGHADIKTTNYPKWEGTPEENLLIMRTAARYFGASSVGAIKITDNVKKIFYAKVQPFCLGPWYTITNMAEYIEYPVPVDNYAIPIVFEDIPADQGHYSYKRFGGDDKIAVPNALDNIFTYTIMLPEKRFKYAHSIPMDPCSCIAYPLFTEVEARIQQFIAGLGYNSMGGGVEAWGPGSAFGNLSGLGEQSRVSSIIEPRYGSNTKGSLRMLTDLPLAPTKPIDAGIREFCKTCGICAEHCPTQAISHEGPRYDSPHWDCVSGYEGWHLDYHKCINCTICEAVCPFFTMSNNSWVHNLVKSTVATTPVFNGFFKNMEGAFGYGPRYSPSRDEWWASENPIRGASVDIF,RDDB00004
DET0079_tceA,MSEKYHSTVTRRDFMKRLGLAGAGAGALGAAVLAENNLPHEFKDVDDLLSAGKALEGDHANKVNNHPWWVTTRDHEDPTCNIDWSLIKRYSGWNNQGAYFLPEDYLSPTYTGRRHTIVDSKLEIELQGKKYRDSAFIKSGIDWMKENIDPDYDPGELGYGDRREDALIYAATNGSHNCWENPLYGRYEGSRPYLSMRTMNGINGLHEFGHADIKTTNYPKWEGTPEENLLIMRTAARYFGASSVGAIKITDNVKKIFYAKVQPFCLGPWYTITNMAEYIEYPVPVDNYAIPIVFEDIPADQGHYSYKRFGGDDKIAVPNALDNIFTYTIMLPEKRFKYAHSIPMDPCSCIAYPLFTEVEARIQQFIAGLGYNSMGGGVEAWGPGSAFGNLSGLGEQSRVSSIIEPRYGSNTKGSLRMLTDLPLAPTKPIDAGIREFCKTCGICAEHCPTQAISHEGPRYDSPHWDCVSGYEGWHLDYHKCINCTICEAVCPFFTMSNNSWVHNLVKSTVATTPVFNGFFKNMEGAFGYGPRYSPSRDEWWASENPIRGASVDIF,RDDB00002
DET0079_tceA,MSEKYHSTVTRRDFMKRLGLAGAGAGALGAAVLAENNLPHEFKDVDDLLSAGKALEGDHANKVNNHPWWVTTRDHEDPTCNIDWSLIKRYSGWNNQGAYFLPEDYLSPTYTGRRHTIVDSKLEIELQGKKYRDSAFIKSGIDWMKENIDPDYDPGELGYGDRREDALIYAATNGSHNCWENPLYGRYEGSRPYLSMRTMNGINGLHEFGHADIKTTNYPKWEGTPEENLLIMRTAARYFGASSVGAIKITDNVKKIFYAKVQPFCLGPWYTITNMAEYIEYPVPVDNYAIPIVFEDIPADQGHYSYKRFGGDDKIAVPNALDNIFTYTIMLPEKRFKYAHSIPMDPCSCIAYPLFTEVEARIQQFIAGLGYNSMGGGVEAWGPGSAFGNLSGLGEQSRVSSIIEPRYGSNTKGSLRMLTDLPLAPTKPIDAGIREFCKTCGICAEHCPTQAISHEGPRYDSPHWDCVSGYEGWHLDYHKCINCTICEAVCPFFTMSNNSWVHNLVKSTVATTPVFNGFFKNMEGAFGYGPRYSPSRDEWWASENPIRGASVDIF,RDDB00006
DET0079_tceA,MSEKYHSTVTRRDFMKRLGLAGAGAGALGAAVLAENNLPHEFKDVDDLLSAGKALEGDHANKVNNHPWWVTTRDHEDPTCNIDWSLIKRYSGWNNQGAYFLPEDYLSPTYTGRRHTIVDSKLEIELQGKKYRDSAFIKSGIDWMKENIDPDYDPGELGYGDRREDALIYAATNGSHNCWENPLYGRYEGSRPYLSMRTMNGINGLHEFGHADIKTTNYPKWEGTPEENLLIMRTAARYFGASSVGAIKITDNVKKIFYAKVQPFCLGPWYTITNMAEYIEYPVPVDNYAIPIVFEDIPADQGHYSYKRFGGDDKIAVPNALDNIFTYTIMLPEKRFKYAHSIPMDPCSCIAYPLFTEVEARIQQFIAGLGYNSMGGGVEAWGPGSAFGNLSGLGEQSRVSSIIEPRYGSNTKGSLRMLTDLPLAPTKPIDAGIREFCKTCGICAEHCPTQAISHEGPRYDSPHWDCVSGYEGWHLDYHKCINCTICEAVCPFFTMSNNSWVHNLVKSTVATTPVFNGFFKNMEGAFGYGPRYSPSRDEWWASENPIRGASVDIF,RDDB00003
DET0079_tceA,MSEKYHSTVTRRDFMKRLGLAGAGAGALGAAVLAENNLPHEFKDVDDLLSAGKALEGDHANKVNNHPWWVTTRDHEDPTCNIDWSLIKRYSGWNNQGAYFLPEDYLSPTYTGRRHTIVDSKLEIELQGKKYRDSAFIKSGIDWMKENIDPDYDPGELGYGDRREDALIYAATNGSHNCWENPLYGRYEGSRPYLSMRTMNGINGLHEFGHADIKTTNYPKWEGTPEENLLIMRTAARYFGASSVGAIKITDNVKKIFYAKVQPFCLGPWYTITNMAEYIEYPVPVDNYAIPIVFEDIPADQGHYSYKRFGGDDKIAVPNALDNIFTYTIMLPEKRFKYAHSIPMDPCSCIAYPLFTEVEARIQQFIAGLGYNSMGGGVEAWGPGSAFGNLSGLGEQSRVSSIIEPRYGSNTKGSLRMLTDLPLAPTKPIDAGIREFCKTCGICAEHCPTQAISHEGPRYDSPHWDCVSGYEGWHLDYHKCINCTICEAVCPFFTMSNNSWVHNLVKSTVATTPVFNGFFKNMEGAFGYGPRYSPSRDEWWASENPIRGASVDIF,RDDB00001
DET0079_tceA,MSEKYHSTVTRRDFMKRLGLAGAGAGALGAAVLAENNLPHEFKDVDDLLSAGKALEGDHANKVNNHPWWVTTRDHEDPTCNIDWSLIKRYSGWNNQGAYFLPEDYLSPTYTGRRHTIVDSKLEIELQGKKYRDSAFIKSGIDWMKENIDPDYDPGELGYGDRREDALIYAATNGSHNCWENPLYGRYEGSRPYLSMRTMNGINGLHEFGHADIKTTNYPKWEGTPEENLLIMRTAARYFGASSVGAIKITDNVKKIFYAKVQPFCLGPWYTITNMAEYIEYPVPVDNYAIPIVFEDIPADQGHYSYKRFGGDDKIAVPNALDNIFTYTIMLPEKRFKYAHSIPMDPCSCIAYPLFTEVEARIQQFIAGLGYNSMGGGVEAWGPGSAFGNLSGLGEQSRVSSIIEPRYGSNTKGSLRMLTDLPLAPTKPIDAGIREFCKTCGICAEHCPTQAISHEGPRYDSPHWDCVSGYEGWHLDYHKCINCTICEAVCPFFTMSNNSWVHNLVKSTVATTPVFNGFFKNMEGAFGYGPRYSPSRDEWWASENPIRGASVDIF,RDDB00005
DET0079_tceA,MSEKYHSTVTRRDFMKRLGLAGAGAGALGAAVLAENNLPHEFKDVDDLLSAGKALEGDHANKVNNHPWWVTTRDHEDPTCNIDWSLIKRYSGWNNQGAYFLPEDYLSPTYTGRRHTIVDSKLEIELQGKKYRDSAFIKSGIDWMKENIDPDYDPGELGYGDRREDALIYAATNGSHNCWENPLYGRYEGSRPYLSMRTMNGINGLHEFGHADIKTTNYPKWEGTPEENLLIMRTAARYFGASSVGAIKITDNVKKIFYAKVQPFCLGPWYTITNMAEYIEYPVPVDNYAIPIVFEDIPADQGHYSYKRFGGDDKIAVPNALDNIFTYTIMLPEKRFKYAHSIPMDPCSCIAYPLFTEVEARIQQFIAGLGYNSMGGGVEAWGPGSAFGNLSGLGEQSRVSSIIEPRYGSNTKGSLRMLTDLPLAPTKPIDAGIREFCKTCGICAEHCPTQAISHEGPRYDSPHWDCVSGYEGWHLDYHKCINCTICEAVCPFFTMSNNSWVHNLVKSTVATTPVFNGFFKNMEGAFGYGPRYSPSRDEWWASENPIRGASVDIF,RDDB00007
DET0079_tceA,MSEKYHSTVTRRDFMKRLGLAGAGAGALGAAVLAENNLPHEFKDVDDLLSAGKALEGDHANKVNNHPWWVTTRDHEDPTCNIDWSLIKRYSGWNNQGAYFLPEDYLSPTYTGRRHTIVDSKLEIELQGKKYRDSAFIKSGIDWMKENIDPDYDPGELGYGDRREDALIYAATNGSHNCWENPLYGRYEGSRPYLSMRTMNGINGLHEFGHADIKTTNYPKWEGTPEENLLIMRTAARYFGASSVGAIKITDNVKKIFYAKVQPFCLGPWYTITNMAEYIEYPVPVDNYAIPIVFEDIPADQGHYSYKRFGGDDKIAVPNALDNIFTYTIMLPEKRFKYAHSIPMDPCSCIAYPLFTEVEARIQQFIAGLGYNSMGGGVEAWGPGSAFGNLSGLGEQSRVSSIIEPRYGSNTKGSLRMLTDLPLAPTKPIDAGIREFCKTCGICAEHCPTQAISHEGPRYDSPHWDCVSGYEGWHLDYHKCINCTICEAVCPFFTMSNNSWVHNLVKSTVATTPVFNGFFKNMEGAFGYGPRYSPSRDEWWASENPIRGASVDIF,RDDB00005
DET0079_tceA,MSEKYHSTVTRRDFMKRLGLAGAGAGALGAAVLAENNLPHEFKDVDDLLSAGKALEGDHANKVNNHPWWVTTRDHEDPTCNIDWSLIKRYSGWNNQGAYFLPEDYLSPTYTGRRHTIVDSKLEIELQGKKYRDSAFIKSGIDWMKENIDPDYDPGELGYGDRREDALIYAATNGSHNCWENPLYGRYEGSRPYLSMRTMNGINGLHEFGHADIKTTNYPKWEGTPEENLLIMRTAARYFGASSVGAIKITDNVKKIFYAKVQPFCLGPWYTITNMAEYIEYPVPVDNYAIPIVFEDIPADQGHYSYKRFGGDDKIAVPNALDNIFTYTIMLPEKRFKYAHSIPMDPCSCIAYPLFTEVEARIQQFIAGLGYNSMGGGVEAWGPGSAFGNLSGLGEQSRVSSIIEPRYGSNTKGSLRMLTDLPLAPTKPIDAGIREFCKTCGICAEHCPTQAISHEGPRYDSPHWDCVSGYEGWHLDYHKCINCTICEAVCPFFTMSNNSWVHNLVKSTVATTPVFNGFFKNMEGAFGYGPRYSPSRDEWWASENPIRGASVDIF,RDDB00008
DET0079_tceA,MSEKYHSTVTRRDFMKRLGLAGAGAGALGAAVLAENNLPHEFKDVDDLLSAGKALEGDHANKVNNHPWWVTTRDHEDPTCNIDWSLIKRYSGWNNQGAYFLPEDYLSPTYTGRRHTIVDSKLEIELQGKKYRDSAFIKSGIDWMKENIDPDYDPGELGYGDRREDALIYAATNGSHNCWENPLYGRYEGSRPYLSMRTMNGINGLHEFGHADIKTTNYPKWEGTPEENLLIMRTAARYFGASSVGAIKITDNVKKIFYAKVQPFCLGPWYTITNMAEYIEYPVPVDNYAIPIVFEDIPADQGHYSYKRFGGDDKIAVPNALDNIFTYTIMLPEKRFKYAHSIPMDPCSCIAYPLFTEVEARIQQFIAGLGYNSMGGGVEAWGPGSAFGNLSGLGEQSRVSSIIEPRYGSNTKGSLRMLTDLPLAPTKPIDAGIREFCKTCGICAEHCPTQAISHEGPRYDSPHWDCVSGYEGWHLDYHKCINCTICEAVCPFFTMSNNSWVHNLVKSTVATTPVFNGFFKNMEGAFGYGPRYSPSRDEWWASENPIRGASVDIF,RDDB00009
DET0079_tceA,MSEKYHSTVTRRDFMKRLGLAGAGAGALGAAVLAENNLPHEFKDVDDLLSAGKALEGDHANKVNNHPWWVTTRDHEDPTCNIDWSLIKRYSGWNNQGAYFLPEDYLSPTYTGRRHTIVDSKLEIELQGKKYRDSAFIKSGIDWMKENIDPDYDPGELGYGDRREDALIYAATNGSHNCWENPLYGRYEGSRPYLSMRTMNGINGLHEFGHADIKTTNYPKWEGTPEENLLIMRTAARYFGASSVGAIKITDNVKKIFYAKVQPFCLGPWYTITNMAEYIEYPVPVDNYAIPIVFEDIPADQGHYSYKRFGGDDKIAVPNALDNIFTYTIMLPEKRFKYAHSIPMDPCSCIAYPLFTEVEARIQQFIAGLGYNSMGGGVEAWGPGSAFGNLSGLGEQSRVSSIIEPRYGSNTKGSLRMLTDLPLAPTKPIDAGIREFCKTCGICAEHCPTQAISHEGPRYDSPHWDCVSGYEGWHLDYHKCINCTICEAVCPFFTMSNNSWVHNLVKSTVATTPVFNGFFKNMEGAFGYGPRYSPSRDEWWASENPIRGASVDIF,RDDB00010
DET0079_tceA,MSEKYHSTVTRRDFMKRLGLAGAGAGALGAAVLAENNLPHEFKDVDDLLSAGKALEGDHANKVNNHPWWVTTRDHEDPTCNIDWSLIKRYSGWNNQGAYFLPEDYLSPTYTGRRHTIVDSKLEIELQGKKYRDSAFIKSGIDWMKENIDPDYDPGELGYGDRREDALIYAATNGSHNCWENPLYGRYEGSRPYLSMRTMNGINGLHEFGHADIKTTNYPKWEGTPEENLLIMRTAARYFGASSVGAIKITDNVKKIFYAKVQPFCLGPWYTITNMAEYIEYPVPVDNYAIPIVFEDIPADQGHYSYKRFGGDDKIAVPNALDNIFTYTIMLPEKRFKYAHSIPMDPCSCIAYPLFTEVEARIQQFIAGLGYNSMGGGVEAWGPGSAFGNLSGLGEQSRVSSIIEPRYGSNTKGSLRMLTDLPLAPTKPIDAGIREFCKTCGICAEHCPTQAISHEGPRYDSPHWDCVSGYEGWHLDYHKCINCTICEAVCPFFTMSNNSWVHNLVKSTVATTPVFNGFFKNMEGAFGYGPRYSPSRDEWWASENPIRGASVDIF,RDDB00010
DET0079_tceA,MSEKYHSTVTRRDFMKRLGLAGAGAGALGAAVLAENNLPHEFKDVDDLLSAGKALEGDHANKVNNHPWWVTTRDHEDPTCNIDWSLIKRYSGWNNQGAYFLPEDYLSPTYTGRRHTIVDSKLEIELQGKKYRDSAFIKSGIDWMKENIDPDYDPGELGYGDRREDALIYAATNGSHNCWENPLYGRYEGSRPYLSMRTMNGINGLHEFGHADIKTTNYPKWEGTPEENLLIMRTAARYFGASSVGAIKITDNVKKIFYAKVQPFCLGPWYTITNMAEYIEYPVPVDNYAIPIVFEDIPADQGHYSYKRFGGDDKIAVPNALDNIFTYTIMLPEKRFKYAHSIPMDPCSCIAYPLFTEVEARIQQFIAGLGYNSMGGGVEAWGPGSAFGNLSGLGEQSRVSSIIEPRYGSNTKGSLRMLTDLPLAPTKPIDAGIREFCKTCGICAEHCPTQAISHEGPRYDSPHWDCVSGYEGWHLDYHKCINCTICEAVCPFFTMSNNSWVHNLVKSTVATTPVFNGFFKNMEGAFGYGPRYSPSRDEWWASENPIRGASVDIF,RDDB00011
DET0079_tceA,MSEKYHSTVTRRDFMKRLGLAGAGAGALGAAVLAENNLPHEFKDVDDLLSAGKALEGDHANKVNNHPWWVTTRDHEDPTCNIDWSLIKRYSGWNNQGAYFLPEDYLSPTYTGRRHTIVDSKLEIELQGKKYRDSAFIKSGIDWMKENIDPDYDPGELGYGDRREDALIYAATNGSHNCWENPLYGRYEGSRPYLSMRTMNGINGLHEFGHADIKTTNYPKWEGTPEENLLIMRTAARYFGASSVGAIKITDNVKKIFYAKVQPFCLGPWYTITNMAEYIEYPVPVDNYAIPIVFEDIPADQGHYSYKRFGGDDKIAVPNALDNIFTYTIMLPEKRFKYAHSIPMDPCSCIAYPLFTEVEARIQQFIAGLGYNSMGGGVEAWGPGSAFGNLSGLGEQSRVSSIIEPRYGSNTKGSLRMLTDLPLAPTKPIDAGIREFCKTCGICAEHCPTQAISHEGPRYDSPHWDCVSGYEGWHLDYHKCINCTICEAVCPFFTMSNNSWVHNLVKSTVATTPVFNGFFKNMEGAFGYGPRYSPSRDEWWASENPIRGASVDIF,RDDB00012
DET0079_tceA,MSEKYHSTVTRRDFMKRLGLAGAGAGALGAAVLAENNLPHEFKDVDDLLSAGKALEGDHANKVNNHPWWVTTRDHEDPTCNIDWSLIKRYSGWNNQGAYFLPEDYLSPTYTGRRHTIVDSKLEIELQGKKYRDSAFIKSGIDWMKENIDPDYDPGELGYGDRREDALIYAATNGSHNCWENPLYGRYEGSRPYLSMRTMNGINGLHEFGHADIKTTNYPKWEGTPEENLLIMRTAARYFGASSVGAIKITDNVKKIFYAKVQPFCLGPWYTITNMAEYIEYPVPVDNYAIPIVFEDIPADQGHYSYKRFGGDDKIAVPNALDNIFTYTIMLPEKRFKYAHSIPMDPCSCIAYPLFTEVEARIQQFIAGLGYNSMGGGVEAWGPGSAFGNLSGLGEQSRVSSIIEPRYGSNTKGSLRMLTDLPLAPTKPIDAGIREFCKTCGICAEHCPTQAISHEGPRYDSPHWDCVSGYEGWHLDYHKCINCTICEAVCPFFTMSNNSWVHNLVKSTVATTPVFNGFFKNMEGAFGYGPRYSPSRDEWWASENPIRGASVDIF,RDDB00013
DET0079_tceA,MSEKYHSTVTRRDFMKRLGLAGAGAGALGAAVLAENNLPHEFKDVDDLLSAGKALEGDHANKVNNHPWWVTTRDHEDPTCNIDWSLIKRYSGWNNQGAYFLPEDYLSPTYTGRRHTIVDSKLEIELQGKKYRDSAFIKSGIDWMKENIDPDYDPGELGYGDRREDALIYAATNGSHNCWENPLYGRYEGSRPYLSMRTMNGINGLHEFGHADIKTTNYPKWEGTPEENLLIMRTAARYFGASSVGAIKITDNVKKIFYAKVQPFCLGPWYTITNMAEYIEYPVPVDNYAIPIVFEDIPADQGHYSYKRFGGDDKIAVPNALDNIFTYTIMLPEKRFKYAHSIPMDPCSCIAYPLFTEVEARIQQFIAGLGYNSMGGGVEAWGPGSAFGNLSGLGEQSRVSSIIEPRYGSNTKGSLRMLTDLPLAPTKPIDAGIREFCKTCGICAEHCPTQAISHEGPRYDSPHWDCVSGYEGWHLDYHKCINCTICEAVCPFFTMSNNSWVHNLVKSTVATTPVFNGFFKNMEGAFGYGPRYSPSRDEWWASENPIRGASVDIF,RDDB00014
DET0079_tceA,MSEKYHSTVTRRDFMKRLGLAGAGAGALGAAVLAENNLPHEFKDVDDLLSAGKALEGDHANKVNNHPWWVTTRDHEDPTCNIDWSLIKRYSGWNNQGAYFLPEDYLSPTYTGRRHTIVDSKLEIELQGKKYRDSAFIKSGIDWMKENIDPDYDPGELGYGDRREDALIYAATNGSHNCWENPLYGRYEGSRPYLSMRTMNGINGLHEFGHADIKTTNYPKWEGTPEENLLIMRTAARYFGASSVGAIKITDNVKKIFYAKVQPFCLGPWYTITNMAEYIEYPVPVDNYAIPIVFEDIPADQGHYSYKRFGGDDKIAVPNALDNIFTYTIMLPEKRFKYAHSIPMDPCSCIAYPLFTEVEARIQQFIAGLGYNSMGGGVEAWGPGSAFGNLSGLGEQSRVSSIIEPRYGSNTKGSLRMLTDLPLAPTKPIDAGIREFCKTCGICAEHCPTQAISHEGPRYDSPHWDCVSGYEGWHLDYHKCINCTICEAVCPFFTMSNNSWVHNLVKSTVATTPVFNGFFKNMEGAFGYGPRYSPSRDEWWASENPIRGASVDIF,RDDB00015
DET0079_tceA,MSEKYHSTVTRRDFMKRLGLAGAGAGALGAAVLAENNLPHEFKDVDDLLSAGKALEGDHANKVNNHPWWVTTRDHEDPTCNIDWSLIKRYSGWNNQGAYFLPEDYLSPTYTGRRHTIVDSKLEIELQGKKYRDSAFIKSGIDWMKENIDPDYDPGELGYGDRREDALIYAATNGSHNCWENPLYGRYEGSRPYLSMRTMNGINGLHEFGHADIKTTNYPKWEGTPEENLLIMRTAARYFGASSVGAIKITDNVKKIFYAKVQPFCLGPWYTITNMAEYIEYPVPVDNYAIPIVFEDIPADQGHYSYKRFGGDDKIAVPNALDNIFTYTIMLPEKRFKYAHSIPMDPCSCIAYPLFTEVEARIQQFIAGLGYNSMGGGVEAWGPGSAFGNLSGLGEQSRVSSIIEPRYGSNTKGSLRMLTDLPLAPTKPIDAGIREFCKTCGICAEHCPTQAISHEGPRYDSPHWDCVSGYEGWHLDYHKCINCTICEAVCPFFTMSNNSWVHNLVKSTVATTPVFNGFFKNMEGAFGYGPRYSPSRDEWWASENPIRGASVDIF,RDDB00016
DET0079_tceA,MSEKYHSTVTRRDFMKRLGLAGAGAGALGAAVLAENNLPHEFKDVDDLLSAGKALEGDHANKVNNHPWWVTTRDHEDPTCNIDWSLIKRYSGWNNQGAYFLPEDYLSPTYTGRRHTIVDSKLEIELQGKKYRDSAFIKSGIDWMKENIDPDYDPGELGYGDRREDALIYAATNGSHNCWENPLYGRYEGSRPYLSMRTMNGINGLHEFGHADIKTTNYPKWEGTPEENLLIMRTAARYFGASSVGAIKITDNVKKIFYAKVQPFCLGPWYTITNMAEYIEYPVPVDNYAIPIVFEDIPADQGHYSYKRFGGDDKIAVPNALDNIFTYTIMLPEKRFKYAHSIPMDPCSCIAYPLFTEVEARIQQFIAGLGYNSMGGGVEAWGPGSAFGNLSGLGEQSRVSSIIEPRYGSNTKGSLRMLTDLPLAPTKPIDAGIREFCKTCGICAEHCPTQAISHEGPRYDSPHWDCVSGYEGWHLDYHKCINCTICEAVCPFFTMSNNSWVHNLVKSTVATTPVFNGFFKNMEGAFGYGPRYSPSRDEWWASENPIRGASVDIF,RDDB00017
DET0079_tceA,MSEKYHSTVTRRDFMKRLGLAGAGAGALGAAVLAENNLPHEFKDVDDLLSAGKALEGDHANKVNNHPWWVTTRDHEDPTCNIDWSLIKRYSGWNNQGAYFLPEDYLSPTYTGRRHTIVDSKLEIELQGKKYRDSAFIKSGIDWMKENIDPDYDPGELGYGDRREDALIYAATNGSHNCWENPLYGRYEGSRPYLSMRTMNGINGLHEFGHADIKTTNYPKWEGTPEENLLIMRTAARYFGASSVGAIKITDNVKKIFYAKVQPFCLGPWYTITNMAEYIEYPVPVDNYAIPIVFEDIPADQGHYSYKRFGGDDKIAVPNALDNIFTYTIMLPEKRFKYAHSIPMDPCSCIAYPLFTEVEARIQQFIAGLGYNSMGGGVEAWGPGSAFGNLSGLGEQSRVSSIIEPRYGSNTKGSLRMLTDLPLAPTKPIDAGIREFCKTCGICAEHCPTQAISHEGPRYDSPHWDCVSGYEGWHLDYHKCINCTICEAVCPFFTMSNNSWVHNLVKSTVATTPVFNGFFKNMEGAFGYGPRYSPSRDEWWASENPIRGASVDIF,RDDB00018
DET0079_tceA,MSEKYHSTVTRRDFMKRLGLAGAGAGALGAAVLAENNLPHEFKDVDDLLSAGKALEGDHANKVNNHPWWVTTRDHEDPTCNIDWSLIKRYSGWNNQGAYFLPEDYLSPTYTGRRHTIVDSKLEIELQGKKYRDSAFIKSGIDWMKENIDPDYDPGELGYGDRREDALIYAATNGSHNCWENPLYGRYEGSRPYLSMRTMNGINGLHEFGHADIKTTNYPKWEGTPEENLLIMRTAARYFGASSVGAIKITDNVKKIFYAKVQPFCLGPWYTITNMAEYIEYPVPVDNYAIPIVFEDIPADQGHYSYKRFGGDDKIAVPNALDNIFTYTIMLPEKRFKYAHSIPMDPCSCIAYPLFTEVEARIQQFIAGLGYNSMGGGVEAWGPGSAFGNLSGLGEQSRVSSIIEPRYGSNTKGSLRMLTDLPLAPTKPIDAGIREFCKTCGICAEHCPTQAISHEGPRYDSPHWDCVSGYEGWHLDYHKCINCTICEAVCPFFTMSNNSWVHNLVKSTVATTPVFNGFFKNMEGAFGYGPRYSPSRDEWWASENPIRGASVDIF,RDDB00019
DET0079_tceA,MSEKYHSTVTRRDFMKRLGLAGAGAGALGAAVLAENNLPHEFKDVDDLLSAGKALEGDHANKVNNHPWWVTTRDHEDPTCNIDWSLIKRYSGWNNQGAYFLPEDYLSPTYTGRRHTIVDSKLEIELQGKKYRDSAFIKSGIDWMKENIDPDYDPGELGYGDRREDALIYAATNGSHNCWENPLYGRYEGSRPYLSMRTMNGINGLHEFGHADIKTTNYPKWEGTPEENLLIMRTAARYFGASSVGAIKITDNVKKIFYAKVQPFCLGPWYTITNMAEYIEYPVPVDNYAIPIVFEDIPADQGHYSYKRFGGDDKIAVPNALDNIFTYTIMLPEKRFKYAHSIPMDPCSCIAYPLFTEVEARIQQFIAGLGYNSMGGGVEAWGPGSAFGNLSGLGEQSRVSSIIEPRYGSNTKGSLRMLTDLPLAPTKPIDAGIREFCKTCGICAEHCPTQAISHEGPRYDSPHWDCVSGYEGWHLDYHKCINCTICEAVCPFFTMSNNSWVHNLVKSTVATTPVFNGFFKNMEGAFGYGPRYSPSRDEWWASENPIRGASVDIF,RDDB00020
DET0079_tceA,MSEKYHSTVTRRDFMKRLGLAGAGAGALGAAVLAENNLPHEFKDVDDLLSAGKALEGDHANKVNNHPWWVTTRDHEDPTCNIDWSLIKRYSGWNNQGAYFLPEDYLSPTYTGRRHTIVDSKLEIELQGKKYRDSAFIKSGIDWMKENIDPDYDPGELGYGDRREDALIYAATNGSHNCWENPLYGRYEGSRPYLSMRTMNGINGLHEFGHADIKTTNYPKWEGTPEENLLIMRTAARYFGASSVGAIKITDNVKKIFYAKVQPFCLGPWYTITNMAEYIEYPVPVDNYAIPIVFEDIPADQGHYSYKRFGGDDKIAVPNALDNIFTYTIMLPEKRFKYAHSIPMDPCSCIAYPLFTEVEARIQQFIAGLGYNSMGGGVEAWGPGSAFGNLSGLGEQSRVSSIIEPRYGSNTKGSLRMLTDLPLAPTKPIDAGIREFCKTCGICAEHCPTQAISHEGPRYDSPHWDCVSGYEGWHLDYHKCINCTICEAVCPFFTMSNNSWVHNLVKSTVATTPVFNGFFKNMEGAFGYGPRYSPSRDEWWASENPIRGASVDIF,RDDB00021
DET0079_tceA,MSEKYHSTVTRRDFMKRLGLAGAGAGALGAAVLAENNLPHEFKDVDDLLSAGKALEGDHANKVNNHPWWVTTRDHEDPTCNIDWSLIKRYSGWNNQGAYFLPEDYLSPTYTGRRHTIVDSKLEIELQGKKYRDSAFIKSGIDWMKENIDPDYDPGELGYGDRREDALIYAATNGSHNCWENPLYGRYEGSRPYLSMRTMNGINGLHEFGHADIKTTNYPKWEGTPEENLLIMRTAARYFGASSVGAIKITDNVKKIFYAKVQPFCLGPWYTITNMAEYIEYPVPVDNYAIPIVFEDIPADQGHYSYKRFGGDDKIAVPNALDNIFTYTIMLPEKRFKYAHSIPMDPCSCIAYPLFTEVEARIQQFIAGLGYNSMGGGVEAWGPGSAFGNLSGLGEQSRVSSIIEPRYGSNTKGSLRMLTDLPLAPTKPIDAGIREFCKTCGICAEHCPTQAISHEGPRYDSPHWDCVSGYEGWHLDYHKCINCTICEAVCPFFTMSNNSWVHNLVKSTVATTPVFNGFFKNMEGAFGYGPRYSPSRDEWWASENPIRGASVDIF,RDDB00022
DET0079_tceA,MSEKYHSTVTRRDFMKRLGLAGAGAGALGAAVLAENNLPHEFKDVDDLLSAGKALEGDHANKVNNHPWWVTTRDHEDPTCNIDWSLIKRYSGWNNQGAYFLPEDYLSPTYTGRRHTIVDSKLEIELQGKKYRDSAFIKSGIDWMKENIDPDYDPGELGYGDRREDALIYAATNGSHNCWENPLYGRYEGSRPYLSMRTMNGINGLHEFGHADIKTTNYPKWEGTPEENLLIMRTAARYFGASSVGAIKITDNVKKIFYAKVQPFCLGPWYTITNMAEYIEYPVPVDNYAIPIVFEDIPADQGHYSYKRFGGDDKIAVPNALDNIFTYTIMLPEKRFKYAHSIPMDPCSCIAYPLFTEVEARIQQFIAGLGYNSMGGGVEAWGPGSAFGNLSGLGEQSRVSSIIEPRYGSNTKGSLRMLTDLPLAPTKPIDAGIREFCKTCGICAEHCPTQAISHEGPRYDSPHWDCVSGYEGWHLDYHKCINCTICEAVCPFFTMSNNSWVHNLVKSTVATTPVFNGFFKNMEGAFGYGPRYSPSRDEWWASENPIRGASVDIF,RDDB00023
DET0318,MLNFHSTLTRKDFLKGIGMAGAGLGAASAVAPMFHDLDELVASTPSTRNLPWFVKEREHGDPTTPIDWDMIQRRPYTWVRMDPTLPVYDNLKSIGAPVSRWLDWEDKKAEDEILYAKAREDFPGWEPGLDGFGDIRTTALTHASEMFSFGNFPTRMNLGGNMVDLVAAVRAAGGYLGSTDSYAGPKMVHTPEEMGGTKYQGTPEDNLRTLKAGIRYFGGEDVGALELDDKLKKLIFTVDQYGKALEFGDVEECIETPKQVTIPNKCKYIFLWTMRQPYEWTRRQSGRFEGAATETSYERAYNTKAHFQDFVRGLGYQMISAGNNSLSPAGAWAVLGGLGELSRASYVNHPLYGITVRVTWGFLTDMPLPPSRPIDFGARKFCETCGICAENCPFGAINPGEPTWKDDNAFGNPGFLGWRCDYTKCPHCPICQGTCPFNSHPGSFIHDVVKGTVSTTPIFNSFFKNMEKTFKYGRKNPATWWDEVDDYPYGVDTSY,RDDB00024
MB_mbrA,SSRRDFMKGIGLASVGLGTLSSVTPRFTDLDEIISDEKANYKQPWWVREQDQGVTEVDWDKKQTFNQAQYDNRVAHLRPSPLDDEYRTLPGTLFSELYYSNMKTFIQENKPGFSLRDRGIYWGWASPLIKDMLGYRRAGGIGSGSGESFTGYDFLDLVDTPESIGVPRWEGTPEENSRMLRSALKLMGASTVGFVEINDNNKKLVFTGNSLVGKPVVWEDTENIYQTNEKQVIPNKCKWAVVYTIRQPLETTKRGPSWISDGAVGIAYDQCDIVQYRLQAFLKCIGYQAVGGNLFGLGPLPAWGELSGLGEVGRLQNLITPEFGPLIRESKFNLIDLPVAPTKPVNFGAQRFCHTCLKCADACPGNALQNREPSWDITPKYDEYVKPELFNSPGHKTWYFDHFKCRKFWEESASFCGVCQGTCVFSKEKLQSIHEFVKPVIGQTSLFNSFFYNMDRAFGYGLHSEDIENWWDMNLPTFNIDYSEKPYI,RDDB00024
B1777_04415,MHNFHCTISRRDFMKGLGLAGAGIGAATSVMPNFHDLDEVISAASAETSSLSGKSLNNFPWYVKERDFENPTIDIDWSILARNDGYNHQGAYWGPVPENGDDKRYPDPADQCLTLPEKRDLYLAWAKQQFPDWEPGINGHGPTRDEALWFASSTGGIGRYRIPGTQQMMSTMRLDGSTGGWGYFNQPPAAVWGGKYPRWEGTPEENTLMMRTVCQFFGYSSIGVMPITSNTKKLFFEKQIPFQFMAGDPGVFGGTGNVQFDVPLPKTPVPIVWEEVDKGYYNDQKIVIPNKANWVLTMTMPLPEDRFKRSLGWSLDASSMIAYPQMAFNGGRVQTFLKALGYQGLGGDVAMWGPGGAFGVMSGLSEQGRVANEISPKYGSATKGSNRLVCDLPMVPTKPIDAGIHKFCETCGICTTVCPSNAIQVGPPQWSNNRWDNTPGYLGYRLNWGRCVLCTNCETYCPFFNMTNGSLIHNVVRSTVAATPVFNSFFRQMEHTFGYGMKDDLNDWWNQSHKPW,RDDB00001
B1777_04415,MHNFHCTISRRDFMKGLGLAGAGIGAATSVMPNFHDLDEVISAASAETSSLSGKSLNNFPWYVKERDFENPTIDIDWSILARNDGYNHQGAYWGPVPENGDDKRYPDPADQCLTLPEKRDLYLAWAKQQFPDWEPGINGHGPTRDEALWFASSTGGIGRYRIPGTQQMMSTMRLDGSTGGWGYFNQPPAAVWGGKYPRWEGTPEENTLMMRTVCQFFGYSSIGVMPITSNTKKLFFEKQIPFQFMAGDPGVFGGTGNVQFDVPLPKTPVPIVWEEVDKGYYNDQKIVIPNKANWVLTMTMPLPEDRFKRSLGWSLDASSMIAYPQMAFNGGRVQTFLKALGYQGLGGDVAMWGPGGAFGVMSGLSEQGRVANEISPKYGSATKGSNRLVCDLPMVPTKPIDAGIHKFCETCGICTTVCPSNAIQVGPPQWSNNRWDNTPGYLGYRLNWGRCVLCTNCETYCPFFNMTNGSLIHNVVRSTVAATPVFNSFFRQMEHTFGYGMKDDLNDWWNQSHKPW,RDDB00002
B1777_04415,MHNFHCTISRRDFMKGLGLAGAGIGAATSVMPNFHDLDEVISAASAETSSLSGKSLNNFPWYVKERDFENPTIDIDWSILARNDGYNHQGAYWGPVPENGDDKRYPDPADQCLTLPEKRDLYLAWAKQQFPDWEPGINGHGPTRDEALWFASSTGGIGRYRIPGTQQMMSTMRLDGSTGGWGYFNQPPAAVWGGKYPRWEGTPEENTLMMRTVCQFFGYSSIGVMPITSNTKKLFFEKQIPFQFMAGDPGVFGGTGNVQFDVPLPKTPVPIVWEEVDKGYYNDQKIVIPNKANWVLTMTMPLPEDRFKRSLGWSLDASSMIAYPQMAFNGGRVQTFLKALGYQGLGGDVAMWGPGGAFGVMSGLSEQGRVANEISPKYGSATKGSNRLVCDLPMVPTKPIDAGIHKFCETCGICTTVCPSNAIQVGPPQWSNNRWDNTPGYLGYRLNWGRCVLCTNCETYCPFFNMTNGSLIHNVVRSTVAATPVFNSFFRQMEHTFGYGMKDDLNDWWNQSHKPW,RDDB00005
B1777_04415,MHNFHCTISRRDFMKGLGLAGAGIGAATSVMPNFHDLDEVISAASAETSSLSGKSLNNFPWYVKERDFENPTIDIDWSILARNDGYNHQGAYWGPVPENGDDKRYPDPADQCLTLPEKRDLYLAWAKQQFPDWEPGINGHGPTRDEALWFASSTGGIGRYRIPGTQQMMSTMRLDGSTGGWGYFNQPPAAVWGGKYPRWEGTPEENTLMMRTVCQFFGYSSIGVMPITSNTKKLFFEKQIPFQFMAGDPGVFGGTGNVQFDVPLPKTPVPIVWEEVDKGYYNDQKIVIPNKANWVLTMTMPLPEDRFKRSLGWSLDASSMIAYPQMAFNGGRVQTFLKALGYQGLGGDVAMWGPGGAFGVMSGLSEQGRVANEISPKYGSATKGSNRLVCDLPMVPTKPIDAGIHKFCETCGICTTVCPSNAIQVGPPQWSNNRWDNTPGYLGYRLNWGRCVLCTNCETYCPFFNMTNGSLIHNVVRSTVAATPVFNSFFRQMEHTFGYGMKDDLNDWWNQSHKPW,RDDB00003
KBDCA2_B1778_04230,MHNFHCTISRRDFMKGLGLAGAGIGAATSVMPNFHDLDEVISAASAETSSLSGKSLNNFPWYVKERDFENPTIDIDWSILARNDGYNHQGAYWGPVPENGDDKRYPDPADQCLTLPEKRDLYLAWAKQQFPDWEPGINGHGPTRDEALWFASSTGGIGRYRIPGTQQMMSTMRLDGSTGGWGYFNQPPAAVWGGKYPRWEGTPEENTLMMRTVCQFFGYSSIGVMPITSNTKKLFFEKQIPFQFMAGDPGVFGGTGNVQFDVPLPKTPVPIVWEEVDKGYYNDQKIVIPNKANWVLTMTMPLPEDRFKRSLGWSLDASSMIAYPQMAFNGGRVQTFLKALGYQGLGGDVAMWGPGGAFGVMSGLSEQGRVANEISPKYGSATKGSNRLVCDLPMVPTKPIDAGIHKFCETCGICTTVCPSNAIQVGPPQWSNNRWDNTPGYLGYRLNWGRCVLCTNCETYCPFFNMTNGSLIHNVVRSTVAATPVFNSFFRQMEHTFGYGMKDDLNDWWNQSHKPW,RDDB00001
KBDCA2_B1778_04230,MHNFHCTISRRDFMKGLGLAGAGIGAATSVMPNFHDLDEVISAASAETSSLSGKSLNNFPWYVKERDFENPTIDIDWSILARNDGYNHQGAYWGPVPENGDDKRYPDPADQCLTLPEKRDLYLAWAKQQFPDWEPGINGHGPTRDEALWFASSTGGIGRYRIPGTQQMMSTMRLDGSTGGWGYFNQPPAAVWGGKYPRWEGTPEENTLMMRTVCQFFGYSSIGVMPITSNTKKLFFEKQIPFQFMAGDPGVFGGTGNVQFDVPLPKTPVPIVWEEVDKGYYNDQKIVIPNKANWVLTMTMPLPEDRFKRSLGWSLDASSMIAYPQMAFNGGRVQTFLKALGYQGLGGDVAMWGPGGAFGVMSGLSEQGRVANEISPKYGSATKGSNRLVCDLPMVPTKPIDAGIHKFCETCGICTTVCPSNAIQVGPPQWSNNRWDNTPGYLGYRLNWGRCVLCTNCETYCPFFNMTNGSLIHNVVRSTVAATPVFNSFFRQMEHTFGYGMKDDLNDWWNQSHKPW,RDDB00002
KBDCA2_B1778_04230,MHNFHCTISRRDFMKGLGLAGAGIGAATSVMPNFHDLDEVISAASAETSSLSGKSLNNFPWYVKERDFENPTIDIDWSILARNDGYNHQGAYWGPVPENGDDKRYPDPADQCLTLPEKRDLYLAWAKQQFPDWEPGINGHGPTRDEALWFASSTGGIGRYRIPGTQQMMSTMRLDGSTGGWGYFNQPPAAVWGGKYPRWEGTPEENTLMMRTVCQFFGYSSIGVMPITSNTKKLFFEKQIPFQFMAGDPGVFGGTGNVQFDVPLPKTPVPIVWEEVDKGYYNDQKIVIPNKANWVLTMTMPLPEDRFKRSLGWSLDASSMIAYPQMAFNGGRVQTFLKALGYQGLGGDVAMWGPGGAFGVMSGLSEQGRVANEISPKYGSATKGSNRLVCDLPMVPTKPIDAGIHKFCETCGICTTVCPSNAIQVGPPQWSNNRWDNTPGYLGYRLNWGRCVLCTNCETYCPFFNMTNGSLIHNVVRSTVAATPVFNSFFRQMEHTFGYGMKDDLNDWWNQSHKPW,RDDB00005
KBDCA2_B1778_04230,MHNFHCTISRRDFMKGLGLAGAGIGAATSVMPNFHDLDEVISAASAETSSLSGKSLNNFPWYVKERDFENPTIDIDWSILARNDGYNHQGAYWGPVPENGDDKRYPDPADQCLTLPEKRDLYLAWAKQQFPDWEPGINGHGPTRDEALWFASSTGGIGRYRIPGTQQMMSTMRLDGSTGGWGYFNQPPAAVWGGKYPRWEGTPEENTLMMRTVCQFFGYSSIGVMPITSNTKKLFFEKQIPFQFMAGDPGVFGGTGNVQFDVPLPKTPVPIVWEEVDKGYYNDQKIVIPNKANWVLTMTMPLPEDRFKRSLGWSLDASSMIAYPQMAFNGGRVQTFLKALGYQGLGGDVAMWGPGGAFGVMSGLSEQGRVANEISPKYGSATKGSNRLVCDLPMVPTKPIDAGIHKFCETCGICTTVCPSNAIQVGPPQWSNNRWDNTPGYLGYRLNWGRCVLCTNCETYCPFFNMTNGSLIHNVVRSTVAATPVFNSFFRQMEHTFGYGMKDDLNDWWNQSHKPW,RDDB00003
KBDCA3_B1779_04245,MHNFHCTISRRDFMKGLGLAGAGIGAATSVMPNFHDLDEVISAASAETSSLSGKSLNNFPWYVKERDFENPTIDIDWSILARNDGYNHQGAYWGPVPENGDDKRYPDPADQCLTLPEKRDLYLAWAKQQFPDWEPGINGHGPTRDEALWFASSTGGIGRYRIPGTQQMMSTMRLDGSTGGWGYFNQPPAAVWGGKYPRWEGTPEENTLMMRTVCQFFGYSSIGVMPITSNTKKLFFEKQIPFQFMAGDPGVFGGTGNVQFDVPLPKTPVPIVWEEVDKGYYNDQKIVIPNKANWVLTMTMPLPEDRFKRSLGWSLDASSMIAYPQMAFNGGRVQTFLKALGYQGLGGDVAMWGPGGAFGVMSGLSEQGRVANEISPKYGSATKGSNRLVCDLPMVPTKPIDAGIHKFCETCGICTTVCPSNAIQVGPPQWSNNRWDNTPGYLGYRLNWGRCVLCTNCETYCPFFNMTNGSLIHNVVRSTVAATPVFNSFFRQMEHTFGYGMKDDLNDWWNQSHKPW,RDDB00001
KBDCA3_B1779_04245,MHNFHCTISRRDFMKGLGLAGAGIGAATSVMPNFHDLDEVISAASAETSSLSGKSLNNFPWYVKERDFENPTIDIDWSILARNDGYNHQGAYWGPVPENGDDKRYPDPADQCLTLPEKRDLYLAWAKQQFPDWEPGINGHGPTRDEALWFASSTGGIGRYRIPGTQQMMSTMRLDGSTGGWGYFNQPPAAVWGGKYPRWEGTPEENTLMMRTVCQFFGYSSIGVMPITSNTKKLFFEKQIPFQFMAGDPGVFGGTGNVQFDVPLPKTPVPIVWEEVDKGYYNDQKIVIPNKANWVLTMTMPLPEDRFKRSLGWSLDASSMIAYPQMAFNGGRVQTFLKALGYQGLGGDVAMWGPGGAFGVMSGLSEQGRVANEISPKYGSATKGSNRLVCDLPMVPTKPIDAGIHKFCETCGICTTVCPSNAIQVGPPQWSNNRWDNTPGYLGYRLNWGRCVLCTNCETYCPFFNMTNGSLIHNVVRSTVAATPVFNSFFRQMEHTFGYGMKDDLNDWWNQSHKPW,RDDB00002
KBDCA3_B1779_04245,MHNFHCTISRRDFMKGLGLAGAGIGAATSVMPNFHDLDEVISAASAETSSLSGKSLNNFPWYVKERDFENPTIDIDWSILARNDGYNHQGAYWGPVPENGDDKRYPDPADQCLTLPEKRDLYLAWAKQQFPDWEPGINGHGPTRDEALWFASSTGGIGRYRIPGTQQMMSTMRLDGSTGGWGYFNQPPAAVWGGKYPRWEGTPEENTLMMRTVCQFFGYSSIGVMPITSNTKKLFFEKQIPFQFMAGDPGVFGGTGNVQFDVPLPKTPVPIVWEEVDKGYYNDQKIVIPNKANWVLTMTMPLPEDRFKRSLGWSLDASSMIAYPQMAFNGGRVQTFLKALGYQGLGGDVAMWGPGGAFGVMSGLSEQGRVANEISPKYGSATKGSNRLVCDLPMVPTKPIDAGIHKFCETCGICTTVCPSNAIQVGPPQWSNNRWDNTPGYLGYRLNWGRCVLCTNCETYCPFFNMTNGSLIHNVVRSTVAATPVFNSFFRQMEHTFGYGMKDDLNDWWNQSHKPW,RDDB00005
KBDCA3_B1779_04245,MHNFHCTISRRDFMKGLGLAGAGIGAATSVMPNFHDLDEVISAASAETSSLSGKSLNNFPWYVKERDFENPTIDIDWSILARNDGYNHQGAYWGPVPENGDDKRYPDPADQCLTLPEKRDLYLAWAKQQFPDWEPGINGHGPTRDEALWFASSTGGIGRYRIPGTQQMMSTMRLDGSTGGWGYFNQPPAAVWGGKYPRWEGTPEENTLMMRTVCQFFGYSSIGVMPITSNTKKLFFEKQIPFQFMAGDPGVFGGTGNVQFDVPLPKTPVPIVWEEVDKGYYNDQKIVIPNKANWVLTMTMPLPEDRFKRSLGWSLDASSMIAYPQMAFNGGRVQTFLKALGYQGLGGDVAMWGPGGAFGVMSGLSEQGRVANEISPKYGSATKGSNRLVCDLPMVPTKPIDAGIHKFCETCGICTTVCPSNAIQVGPPQWSNNRWDNTPGYLGYRLNWGRCVLCTNCETYCPFFNMTNGSLIHNVVRSTVAATPVFNSFFRQMEHTFGYGMKDDLNDWWNQSHKPW,RDDB00003
KBTCE1_B1772_06705,MSKFHKTISRRDFMKGLGLAGGGIGAAVAAMPVFHDLDEFVSSEANSTKDQPWYVKHREHFDPTITVDWDIFDRYDGYQHKGVYEGPPDAPFTSWGNRLQMRMSDEEQKKRILAAKKERFPGWDGGLHGRGDQRADALFYAVTQPFPGSGEEGHGLFQPYPDQPGKFYARWGLYGPPHDSAPPDGSVPKWEGTPEDNFLMLRAAAKYFGAGGVGALNLADPKCKKLIYKKAQPMALGKGTYSEIGGPGMIDAKFYPKVPDHAVPINFKEADYSYYNDAEWVIPTKCESIFTFTLPQPQELNKRTGGIAGAGPYTVYKDFARVGTLVQMFIKNLGYHALYWPIGWGPGGCFTTFDGQGEQGRTGAAIHWKLGSSQRGSERVVTDLPIAPTPPIDAGMFEFCKTCYICRDVCVSGGVHQEDEPTWDSGNWWNVQGYLGYRTDWSGCHNQCGMCQSSCPFTYLGLENASLVHKIVKGVVANTTVFNSFFTNMEKALGYGDLTMENSNWWKEEGPIYGFDPGT,RDDB00001
KBTCE1_B1772_06705,MSKFHKTISRRDFMKGLGLAGGGIGAAVAAMPVFHDLDEFVSSEANSTKDQPWYVKHREHFDPTITVDWDIFDRYDGYQHKGVYEGPPDAPFTSWGNRLQMRMSDEEQKKRILAAKKERFPGWDGGLHGRGDQRADALFYAVTQPFPGSGEEGHGLFQPYPDQPGKFYARWGLYGPPHDSAPPDGSVPKWEGTPEDNFLMLRAAAKYFGAGGVGALNLADPKCKKLIYKKAQPMALGKGTYSEIGGPGMIDAKFYPKVPDHAVPINFKEADYSYYNDAEWVIPTKCESIFTFTLPQPQELNKRTGGIAGAGPYTVYKDFARVGTLVQMFIKNLGYHALYWPIGWGPGGCFTTFDGQGEQGRTGAAIHWKLGSSQRGSERVVTDLPIAPTPPIDAGMFEFCKTCYICRDVCVSGGVHQEDEPTWDSGNWWNVQGYLGYRTDWSGCHNQCGMCQSSCPFTYLGLENASLVHKIVKGVVANTTVFNSFFTNMEKALGYGDLTMENSNWWKEEGPIYGFDPGT,RDDB00002
KBTCE1_B1772_06705,MSKFHKTISRRDFMKGLGLAGGGIGAAVAAMPVFHDLDEFVSSEANSTKDQPWYVKHREHFDPTITVDWDIFDRYDGYQHKGVYEGPPDAPFTSWGNRLQMRMSDEEQKKRILAAKKERFPGWDGGLHGRGDQRADALFYAVTQPFPGSGEEGHGLFQPYPDQPGKFYARWGLYGPPHDSAPPDGSVPKWEGTPEDNFLMLRAAAKYFGAGGVGALNLADPKCKKLIYKKAQPMALGKGTYSEIGGPGMIDAKFYPKVPDHAVPINFKEADYSYYNDAEWVIPTKCESIFTFTLPQPQELNKRTGGIAGAGPYTVYKDFARVGTLVQMFIKNLGYHALYWPIGWGPGGCFTTFDGQGEQGRTGAAIHWKLGSSQRGSERVVTDLPIAPTPPIDAGMFEFCKTCYICRDVCVSGGVHQEDEPTWDSGNWWNVQGYLGYRTDWSGCHNQCGMCQSSCPFTYLGLENASLVHKIVKGVVANTTVFNSFFTNMEKALGYGDLTMENSNWWKEEGPIYGFDPGT,RDDB00003
KBTCE1_B1772_06705,MSKFHKTISRRDFMKGLGLAGGGIGAAVAAMPVFHDLDEFVSSEANSTKDQPWYVKHREHFDPTITVDWDIFDRYDGYQHKGVYEGPPDAPFTSWGNRLQMRMSDEEQKKRILAAKKERFPGWDGGLHGRGDQRADALFYAVTQPFPGSGEEGHGLFQPYPDQPGKFYARWGLYGPPHDSAPPDGSVPKWEGTPEDNFLMLRAAAKYFGAGGVGALNLADPKCKKLIYKKAQPMALGKGTYSEIGGPGMIDAKFYPKVPDHAVPINFKEADYSYYNDAEWVIPTKCESIFTFTLPQPQELNKRTGGIAGAGPYTVYKDFARVGTLVQMFIKNLGYHALYWPIGWGPGGCFTTFDGQGEQGRTGAAIHWKLGSSQRGSERVVTDLPIAPTPPIDAGMFEFCKTCYICRDVCVSGGVHQEDEPTWDSGNWWNVQGYLGYRTDWSGCHNQCGMCQSSCPFTYLGLENASLVHKIVKGVVANTTVFNSFFTNMEKALGYGDLTMENSNWWKEEGPIYGFDPGT,RDDB00004
KBTCE1_B1772_06705,MSKFHKTISRRDFMKGLGLAGGGIGAAVAAMPVFHDLDEFVSSEANSTKDQPWYVKHREHFDPTITVDWDIFDRYDGYQHKGVYEGPPDAPFTSWGNRLQMRMSDEEQKKRILAAKKERFPGWDGGLHGRGDQRADALFYAVTQPFPGSGEEGHGLFQPYPDQPGKFYARWGLYGPPHDSAPPDGSVPKWEGTPEDNFLMLRAAAKYFGAGGVGALNLADPKCKKLIYKKAQPMALGKGTYSEIGGPGMIDAKFYPKVPDHAVPINFKEADYSYYNDAEWVIPTKCESIFTFTLPQPQELNKRTGGIAGAGPYTVYKDFARVGTLVQMFIKNLGYHALYWPIGWGPGGCFTTFDGQGEQGRTGAAIHWKLGSSQRGSERVVTDLPIAPTPPIDAGMFEFCKTCYICRDVCVSGGVHQEDEPTWDSGNWWNVQGYLGYRTDWSGCHNQCGMCQSSCPFTYLGLENASLVHKIVKGVVANTTVFNSFFTNMEKALGYGDLTMENSNWWKEEGPIYGFDPGT,RDDB00005